<?xml version="1.0" encoding="utf-8"?>

<page component="page" needsLogin="true" label="功能-列表" onLoad="onPageRady">
  <grid component="displayGrid" datasourceType="private" datasourceName="cmp_gnDataset_zsgf" label="功能列表" name="cmp_displayGrid_zsgf" autoLoad="true" onRowRendered="onGridRowRender" autoRender="true" headerLines="1" footerLines="0" renderto="#zslist" pagiTarget="#zsListpage">
    <dataset component="gnDataset" label="实体类" name="stlDataset" autoLoad="true" xiTongDH="sys" gongNengDH="gn" caoZuoDH="select" start="0" limit="20">
      <properties component="properties">
        <property component="complexProperty" fieldType="object" label="系统" name="xiTong">
          <properties component="properties">
            <property component="simpleProperty" name="xiTongMC" label="系统名称" fieldType="string"/>
          </properties>
        </property>
        <property component="complexProperty" name="shiTiLei" label="实体类" fieldType="object">
          <properties component="properties">
            <property component="simpleProperty" name="shiTiLeiMC" label="实体类名称" fieldType="string"/>
            <property component="simpleProperty" name="shiTiLeiDM" label="实体类代码" fieldType="int"/>
          </properties>
        </property>
        <property component="simpleProperty" name="gongNengClass" label="功能实现类" fieldType="string"/>
        <property component="simpleProperty" name="gongNengDH" label="功能代号" fieldType="string"/>
        <property component="simpleProperty" name="gongNengMC" label="功能名称" fieldType="string"/>
      </properties>
      <filters component="filters"/>
      <sorts component="sorts"/>
    </dataset>
    <columns component="gridColumns">
      <column fieldType="int" component="gridColumn" label="行号" name="@index" renderto="#GYS_xuHao" renderTemplate="{{@index}}"/>
      <column component="gridColumn" name="xiTong" label="系统名称" fieldType="object" renderto="#GYS_gongHuoFW" renderTemplate="{{xiTong.xiTongMC}}"/>
      <column component="gridColumn" name="shiTiLeiClassName" label="JAVA类名" fieldType="string" renderto="#GYS_piZhunRQ" renderTemplate="{{shiTiLeiClassName}}"/>
      <column component="gridColumn" name="gongNengDH" label="功能代号" fieldType="string" renderto="#GYS_gongFangBH" renderTemplate="{{gongNengDH}}"/>
      <column component="gridColumn" name="gongNengMC" label="功能名称" fieldType="string" renderto="#GYS_gongYingSMC" renderTemplate="{{gongNengMC}}"/>
      <column component="gridColumn" name="shiTiLei" label="实体类" fieldType="object" renderto="#GYS_shiYeB" renderTemplate="{{shiTiLei.shiTiLeiMC}}"/>
      <column component="gridColumn" name="gongNengClass" label="功能实现类" fieldType="string" renderto="#GYS_gongFangDJ" renderTemplate="{{gongNengClass}}"/>
    </columns>
  </grid>
</page>
