<?xml version="1.0" encoding="UTF-8"?>
<beans xmlns="http://www.springframework.org/schema/beans"
	xmlns:xsi="http://www.w3.org/2001/XMLSchema-instance"
	xsi:schemaLocation="http://www.springframework.org/schema/beans
				http://www.springframework.org/schema/beans/spring-beans.xsd">
	<bean id="processEngineConfiguration"
		class="com.poweruniverse.oim.activiti.MyProcessEngineConfigurationImpl">
		<property name="jdbcUrl" value="jdbc:oracle:thin:@127.0.0.1:1521:orcl" />
		<property name="jdbcDriver" value="oracle.jdbc.OracleDriver" />
		<property name="jdbcUsername" value="nim" />
		<property name="jdbcPassword" value="nim" />
		<property name="databaseSchemaUpdate" value="true" />
		<property name="jobExecutorActivate" value="false" />
		<property name="mailServerHost" value="mail.my-corp.com" />
		<property name="mailServerPort" value="5025" />
		<property name="history" value="full" />
	</bean>
</beans>