<?xml version="1.0" encoding="utf-8"?>
<!DOCTYPE hibernate-mapping PUBLIC 
	"-//Hibernate/Hibernate Mapping DTD 3.0//EN"
	"http://hibernate.sourceforge.net/hibernate-mapping-3.0.dtd">
<!-- version:2015-03-09 05:46:39 -->
<hibernate-mapping auto-import="false">  
    <class name="com.poweruniverse.app.entity.nw.dm.XinWenLB" table="NW_DM_XinWenLB" >
    	<!--主键-->
        <id name="xinWenLBDM" type="integer">
	        <column name="xinWenLBDM" precision="12" scale="0" />
	        <generator class="increment"></generator>
        </id>
        
		<!--xinWenLBMC-->
        <property name="xinWenLBMC" type="java.lang.String" lazy="false">
        	<column name="xinWenLBMC" precision="200" scale="0" not-null="false" />
        </property>
		<!--xinWenLBBH-->
        <property name="xinWenLBBH" type="java.lang.String" lazy="false">
        	<column name="xinWenLBBH" precision="200" scale="0" not-null="false" />
        </property>
     </class>
</hibernate-mapping>
