<?xml version="1.0" encoding="utf-8"?>
<!DOCTYPE hibernate-mapping PUBLIC 
	"-//Hibernate/Hibernate Mapping DTD 3.0//EN"
	"http://hibernate.sourceforge.net/hibernate-mapping-3.0.dtd">
<!-- version:2015-03-16 01:22:49 -->
<hibernate-mapping auto-import="false">  
    <class name="com.poweruniverse.app.entity.nw.dm.XinWen" table="NW_DM_XinWen" >
    	<!--主键-->
        <id name="xinWenDM" type="integer">
	        <column name="xinWenDM" precision="12" scale="0" />
	        <generator class="increment"></generator>
        </id>
        
		<!--新闻标题-->
        <property name="xinWenBT" type="java.lang.String" lazy="false">
        	<column name="xinWenBT" precision="200" scale="0" not-null="false" />
        </property>
		<!--新闻序号-->
        <property name="xinWenXH" type="java.lang.Integer" lazy="false">
        	<column name="xinWenXH" precision="12" scale="0" not-null="false" />
        </property>
		<!--新闻内容-->
        <property name="xinWenNR" type="java.lang.String" lazy="false">
        	<column name="xinWenNR" precision="1900" scale="0" not-null="false" />
        </property>
     </class>
</hibernate-mapping>
