{"shiTiLeiDM":63,"shiTiLeiBB":"2015-03-09 05:46:39","shiTiLeiMC":"新闻类别","shiTiLeiDH":"NW_DM_XinWenLB","zhuJianLie":"xinWenLBDM","xianShiLie":"xinWenLBMC","paiXuLie":"xinWenLBBH","biaoMing":"NW_DM_XinWenLB","shiTiLeiClassName":"com.poweruniverse.app.entity.nw.dm.XinWenLB","shiFouYWB":false,"xiTong":{"xiTongDM":12,"xiTongDH":"nw"},"zds":[{"ziDuanDM":16957,"ziDuanBT":"xinWenLBDM","lieMing":"xinWenLBDM","ziDuanDH":"xinWenLBDM","ziDuanCD":12,"ziDuanJD":0,"yunXuKZ":false,"yanChiJZ":false,"shiFouWY":false,"ziDuanLX":{"ziDuanLXDM":2,"ziDuanLXDH":"int"}},{"ziDuanDM":16960,"ziDuanBT":"xinWenLBMC","lieMing":"xinWenLBMC","ziDuanDH":"xinWenLBMC","ziDuanCD":200,"ziDuanJD":0,"yunXuKZ":false,"yanChiJZ":false,"shiFouWY":false,"ziDuanLX":{"ziDuanLXDM":1,"ziDuanLXDH":"string"}},{"ziDuanDM":16962,"ziDuanBT":"xinWenLBBH","lieMing":"xinWenLBBH","ziDuanDH":"xinWenLBBH","ziDuanCD":200,"ziDuanJD":0,"yunXuKZ":false,"yanChiJZ":false,"shiFouWY":false,"ziDuanLX":{"ziDuanLXDM":1,"ziDuanLXDH":"string"}}]}