<?xml version="1.0" encoding="utf-8"?>

<page component="page" needsLogin="true" label="实体类-新增" onLoad="onPageRady">
  <form component="singleEditForm" label="实体类新增表单" name="shiTiLeiAppendForm" datasourceType="private" datasourceName="shiTiLeiRecord" autoLoad="true" renderto="#shiTiLeiForm" renderType="rela" autoRender="true" xiTongDH="sys" gongNengDH="stl" caoZuoDH="append">
    <record onSubmit="onShiTiLeiSubmit" component="gnRecord" label="实体类数据记录" name="shiTiLeiRecord" autoLoad="true" xiTongDH="sys" gongNengDH="stl" caoZuoDH="append">
      <properties component="properties">
        <property component="complexProperty" name="zds" label="字段集合" fieldType="set">
          <properties component="properties">
            <property component="simpleProperty" fieldType="string" label="字段代号" name="ziDuanDH"/>
            <property component="simpleProperty" name="lieMing" label="数据库列名" fieldType="string"/>
            <property component="simpleProperty" name="ziDuanBT" label="字段标题" fieldType="string"/>
            <property component="simpleProperty" name="ziDuanCD" label="字段长度" fieldType="int"/>
            <property component="simpleProperty" name="ziDuanJD" label="字段精度" fieldType="int"/>
            <property component="simpleProperty" name="yunXuKZ" label="允许空值" fieldType="boolean"/>
            <property component="complexProperty" name="ziDuanLX" label="字段类型" fieldType="object">
              <properties component="properties">
                <property component="simpleProperty" name="ziDuanLXMC" label="字段类型名称" fieldType="string"/>
                <property component="simpleProperty" name="ziDuanLXDH" label="字段类型代号" fieldType="string"/>
                <property component="simpleProperty" name="ziDuanJD" label="字段精度" fieldType="int"/>
                <property component="simpleProperty" name="ziDuanKD" label="字段宽度" fieldType="int"/>
              </properties>
            </property>
            <property component="complexProperty" name="guanLianSTL" label="关联实体类" fieldType="object">
              <properties component="properties">
                <property component="simpleProperty" name="shiTiLeiMC" label="实体类名称" fieldType="string"/>
              </properties>
            </property>
            <property component="complexProperty" name="guanLianFLZD" label="关联父类字段" fieldType="object">
              <properties component="properties">
                <property component="simpleProperty" name="ziDuanDH" label="字段代号" fieldType="string"/>
                <property component="simpleProperty" name="ziDuanBT" label="字段标题" fieldType="string"/>
                <property component="simpleProperty" name="ziDuanDM" label="字段代码" fieldType="int"/>
              </properties>
            </property>
          </properties>
        </property>
        <property component="complexProperty" name="xiTong" label="系统" fieldType="object">
          <properties component="properties">
            <property component="simpleProperty" name="xiTongDH" label="系统代号" fieldType="string"/>
            <property component="simpleProperty" name="xiTongMC" label="系统名称" fieldType="string"/>
          </properties>
        </property>
        <property component="simpleProperty" name="biaoMing" label="数据库表名" fieldType="string"/>
        <property component="simpleProperty" name="shiTiLeiClassName" label="JAVA类名" fieldType="string"/>
        <property component="simpleProperty" name="xianShiLie" label="显示列" fieldType="string"/>
        <property component="simpleProperty" name="zhuJianLie" label="主键列" fieldType="string"/>
        <property component="simpleProperty" name="shiTiLeiMC" label="实体类名称" fieldType="string"/>
        <property component="simpleProperty" name="shiTiLeiDH" label="实体类代号" fieldType="string"/>
        <property component="simpleProperty" name="paiXuLie" label="排序列" fieldType="string"/>
        <property component="simpleProperty" name="shiFouYWB" label="是否业务表" fieldType="boolean"/>
        <property component="simpleProperty" name="shiTiLeiBB" label="实体类版本" fieldType="string"/>
      </properties>
    </record>
    <fields component="formFields">
      <field fieldType="string" component="stringEditor" name="shiTiLeiDH" label="实体类代号" renderType="insert" width="287px" height="29px" renderto="#shiTiLeiDH" renderTemplate="{{shiTiLeiDH}}" enabled="true" allowEdit="true" allowBlank="false" hidden="false"/>
      <field fieldType="string" component="stringEditor" name="shiTiLeiMC" label="实体类名称" renderType="insert" width="287px" height="22px" renderto="#shiTiLeiMC" renderTemplate="{{shiTiLeiMC}}" enabled="true" allowEdit="true" allowBlank="false" hidden="false"/>
      <field fieldType="string" component="stringEditor" name="biaoMing" label="数据库表名" renderType="insert" width="287px" height="22px" renderto="#biaoMing" renderTemplate="{{biaoMing}}" enabled="true" allowEdit="true" allowBlank="false" hidden="false"/>
      <field fieldType="string" component="stringEditor" name="zhuJianLie" label="主键列" renderType="insert" width="287px" height="22px" renderto="#zhuJianLie" renderTemplate="{{zhuJianLie}}" enabled="true" allowEdit="true" allowBlank="false" hidden="false"/>
      <field fieldType="string" component="stringEditor" name="xianShiLie" label="显示列" renderType="insert" width="287px" height="22px" renderto="#xianShiLie" renderTemplate="{{xianShiLie}}" enabled="true" allowEdit="true" allowBlank="false" hidden="false"/>
      <field fieldType="string" component="stringEditor" name="paiXuLie" label="排序列" renderType="insert" width="287px" height="22px" renderto="#paiXuLie" renderTemplate="{{paiXuLie}}" enabled="true" allowEdit="true" allowBlank="false" hidden="false"/>
      <field fieldType="object" component="objectSelectEditor" name="xiTong" label="系统" renderType="insert" renderto="#xiTong" renderTemplate="{{xiTong.xiTongMC}}" enabled="true" allowEdit="true" allowBlank="false" hidden="false" datasourceType="private" searchMode="local" minLength="0" width="287px" height="150px">
        <dataset component="stlDataset" label="系统实体类数据集" name="xtDataset" autoLoad="true" xiTongDH="sys" shiTiLeiDH="SYS_XiTong" start="0" limit="0">
          <properties component="properties">
            <property component="simpleProperty" name="xiTongDH" label="系统代号" fieldType="string"/>
            <property component="simpleProperty" name="xiTongMC" label="系统名称" fieldType="string"/>
            <property component="simpleProperty" name="xiTongDM" label="系统代码" fieldType="int"/>
          </properties>
          <filters component="filters"/>
          <sorts component="sorts"/>
        </dataset>
      </field>
      <field fieldType="boolean" component="booleanCheckEditor" name="shiFouYWB" label="是否业务表" renderType="insert" width="287px" height="22px" renderto="#shiFouYWB" renderTemplate="{{shiFouYWB}}" enabled="true" allowEdit="true" allowBlank="false" hidden="false"/>
      <field fieldType="string" component="stringEditor" name="shiTiLeiClassName" label="JAVA类名" renderType="insert" width="591px" height="29px" renderto="#javaClassName" renderTemplate="{{shiTiLeiClassName}}" enabled="true" allowEdit="true" allowBlank="true" hidden="false"/>
      <field fieldType="set" component="setGridEditor" name="zds" label="字段集合" width="120px" height="22px" enabled="true" allowBlank="false" renderType="rela">
        <buttons component="tools"/>
        <grid component="subGrid" label="子表格(字段集合-子表格)" name="cmp_subGrid_48" renderto="#zslist" headerLines="1" footerLines="0" onRowRendered="onGridRowRender">
          <columns component="gridColumns">
            <column component="intDisplayColumn" textAlign="right" zeroAsBlank="true" name="@index" label="行号" fieldType="int" renderto="#xuHao" renderTemplate="{{@index}}"/>
            <column fieldType="string" component="stringColumn" label="字段代号" name="ziDuanDH" enabled="true" allowBlank="false" renderto="#ziDuanDH" renderTemplate="{{ziDuanDH}}" renderType="insert" width="120px" height="150px"/>
            <column fieldType="string" component="stringColumn" label="字段标题" name="ziDuanBT" enabled="true" allowBlank="false" renderto="#ziDuanBT" renderTemplate="{{ziDuanBT}}" renderType="insert" width="120px" height="150px"/>
            <column fieldType="string" component="stringColumn" label="数据库列名" name="lieMing" enabled="true" allowBlank="false" renderto="#lieMing" renderTemplate="{{lieMing}}" renderType="insert" width="120px"/>
            <column fieldType="boolean" component="booleanCheckColumn" label="允许空值" name="yunXuKZ" renderto="#yunXuKZ" renderTemplate="{{yunXuKZ}}" showCheckbox="false" enabled="true" allowBlank="false" renderType="insert"/>
            <column fieldType="object" component="objectSelectColumn" label="字段类型" name="ziDuanLX" enabled="true" allowBlank="false" renderto="#ziDuanLX" renderTemplate="{{ziDuanLX.ziDuanLXMC}}" renderType="insert" datasourceType="private" searchMode="local" minLength="0" width="80px" height="150px" onChange="ziDuanLXChanged">
              <dataset component="stlDataset" label="字段数据集1" name="zdSelectDataset1" autoLoad="true" xiTongDH="sys" shiTiLeiDH="SYS_ZiDuanLX" start="0" limit="0">
                <properties component="properties">
                  <property component="simpleProperty" name="ziDuanLXDH" label="字段类型代号" fieldType="string"/>
                  <property component="simpleProperty" name="ziDuanLXMC" label="字段类型名称" fieldType="string"/>
                  <property component="simpleProperty" name="ziDuanJD" label="字段精度" fieldType="int"/>
                  <property component="simpleProperty" name="ziDuanKD" label="字段宽度" fieldType="int"/>
                </properties>
                <filters component="filters"/>
                <sorts component="sorts"/>
              </dataset>
            </column>
            <column fieldType="int" component="intColumn" label="字段长度" name="ziDuanCD" enabled="false" allowBlank="false" renderto="#ziDuanCD" renderTemplate="{{ziDuanCD}}" renderType="insert" textAlign="right" zeroAsBlank="true" width="40px"/>
            <column fieldType="int" component="intColumn" label="字段精度" name="ziDuanJD" enabled="true" allowBlank="false" renderto="#ziDuanJD" renderTemplate="{{ziDuanJD}}" renderType="insert" textAlign="right" zeroAsBlank="true" width="40px"/>
            <column fieldType="object" component="objectSelectColumn" label="关联实体类" name="guanLianSTL" enabled="true" allowBlank="false" renderto="#guanLianSTL" renderTemplate="{{guanLianSTL.shiTiLeiMC}}" renderType="insert" datasourceType="private" datasourceName="xtDataset" searchMode="local" minLength="0" width="180px" height="150px">
              <dataset component="stlDataset" label="实体类选择数据集" name="stlSelectDataset" autoLoad="true" xiTongDH="sys" shiTiLeiDH="SYS_ShiTiLei" start="0" limit="0">
                <properties component="properties">
                  <property component="simpleProperty" name="shiTiLeiMC" label="实体类名称" fieldType="string"/>
                </properties>
                <filters component="filters"/>
                <sorts component="sorts"/>
              </dataset>
            </column>
            <column fieldType="object" component="objectSelectColumn" label="关联父类字段" name="guanLianFLZD" enabled="true" allowBlank="false" renderto="#guanLianFLZD" renderTemplate="{{guanLianFLZD.ziDuanBT}}" renderType="insert" datasourceType="private" datasourceName="cmp_gnDataset_39" searchMode="remote" minLength="0" width="120px" height="150px" onLoad="beforeZiDuanOptionLoad">
              <dataset component="stlDataset" label="字段选择数据集" name="zdSelectDataset" autoLoad="false" xiTongDH="sys" shiTiLeiDH="SYS_ZiDuan" start="0" limit="0">
                <properties component="properties">
                  <property component="simpleProperty" name="ziDuanDH" label="字段代号" fieldType="string"/>
                  <property component="simpleProperty" name="ziDuanBT" label="字段标题" fieldType="string"/>
                  <property component="simpleProperty" name="ziDuanDM" label="字段代码" fieldType="int"/>
                </properties>
                <filters component="filters">
                  <filter component="propertyFilter" label="实体类" type="object" property="shiTiLei.id" operator="eq" value="-1"/>
                  <filter component="propertyFilter" label="仅对象类型" type="object" property="ziDuanLX.id" operator="eq" value="9"/>
                </filters>
                <sorts component="sorts"/>
              </dataset>
            </column>
          </columns>
        </grid>
      </field>
      <field fieldType="string" component="stringEditor" name="shiTiLeiBB" label="实体类版本" renderType="insert" width="120px" height="22px" renderto="#shiTiLeiBB" renderTemplate="{{shiTiLeiBB}}" enabled="false" allowEdit="true" allowBlank="false" hidden="false"/>
    </fields>
    <buttons component="buttons">
      <submit component="submitButton" name="submitButton" label="提交按钮" enabled="true" renderType="rela" renderto="#saveBtn"/>
    </buttons>
  </form>
</page>
