<?xml version="1.0" encoding="utf-8"?>

<page component="subpage" label="模板文件选择" name="moduleFileSelector" width="300px" height="400px">
  <tree component="tree" label="模板文件树" name="moduleFileTree" showLine="true" width="278px" height="300px" datasourceType="private" datasourceName="moduleFileDatasource" autoLoad="true" loadMode="remote" autoRender="true" renderto="#fileList" renderType="replace" renderTemplate="{{fileName}}" levelType="parent" levelField="parent" levelSectionFormat="2-2-2" leafExpression="{{#if isDir}}false{{else}}true{{/if}}" onTreeRender="onTreeLoaded">
    <dataset component="javaDataset" label="模板文件数据集" name="moduleFileDatasource" autoLoad="true" className="com.poweruniverse.nim.plateform.datasetImpl.ModuleFileDatasource" primaryFieldName="filePath" start="0" limit="0">
      <properties component="properties">
        <property component="simpleProperty" fieldType="string" label="全路径名" name="filePath"/>
        <property component="simpleProperty" fieldType="string" label="上级目录" name="parent"/>
        <property component="simpleProperty" fieldType="string" label="文件名称" name="fileName"/>
        <property component="simpleProperty" fieldType="string" label="是否目录" name="isDir"/>
      </properties>
      <parameters component="parameters"/>
    </dataset>
  </tree>
</page>
